﻿<?xml version="1.0" encoding="utf-8"?>
<CallableObject guid="1f938771-a4b6-4113-9210-7b317161c4ac" name="RankingCountriesWithAttQ" description="Ranking Countries With Att Q" namespace="GeneXus.Programs">
  <Signature name="parm">
    <Parameter name="ReturnValue" accessor="out">
      <Field name="SDTCountries" description="SDTCountries" collection="true">
        <Fields>
          <Field name="Id" description="Id">
            <Properties>
              <Property>
                <Name>Type</Name>
                <Value>Numeric</Value>
              </Property>
              <Property>
                <Name>Length</Name>
                <Value>4</Value>
              </Property>
              <Property>
                <Name>Picture</Name>
                <Value>ZZZ9</Value>
              </Property>
            </Properties>
          </Field>
          <Field name="Name" description="Name">
            <Properties>
              <Property>
                <Name>Type</Name>
                <Value>Character</Value>
              </Property>
              <Property>
                <Name>Length</Name>
                <Value>20</Value>
              </Property>
            </Properties>
          </Field>
          <Field name="AttractionQuantity" description="Attraction Quantity">
            <Properties>
              <Property>
                <Name>Type</Name>
                <Value>Numeric</Value>
              </Property>
              <Property>
                <Name>Length</Name>
                <Value>4</Value>
              </Property>
              <Property>
                <Name>Picture</Name>
                <Value>ZZZ9</Value>
              </Property>
            </Properties>
          </Field>
        </Fields>
      </Field>
    </Parameter>
  </Signature>
</CallableObject>