<?xml version="1.0" encoding="UTF-8"?>
<?xml-stylesheet type="text/xsl" href="prgs.xsl"?>
<Objects>
   <Charset>UTF-8</Charset>
   <Path>file:///C:/Program Files (x86)/GeneXus/GeneXus18Trial/</Path>
   <Object>
      <ObjCls>0</ObjCls>
      <ObjName>Customer</ObjName>
      <ObjDesc>Customer</ObjDesc>
      <ObjLink>customer.aspx</ObjLink>
   </Object>
   <Object>
      <ObjCls>0</ObjCls>
      <ObjName>Category</ObjName>
      <ObjDesc>Category</ObjDesc>
      <ObjLink>category.aspx</ObjLink>
   </Object>
   <Object>
      <ObjCls>0</ObjCls>
      <ObjName>Flyght</ObjName>
      <ObjDesc>Flyght</ObjDesc>
      <ObjLink>flyght.aspx</ObjLink>
   </Object>
   <Object>
      <ObjCls>0</ObjCls>
      <ObjName>Airport</ObjName>
      <ObjDesc>Airport</ObjDesc>
      <ObjLink>airport.aspx</ObjLink>
   </Object>
   <Object>
      <ObjCls>0</ObjCls>
      <ObjName>Airline</ObjName>
      <ObjDesc>Airline</ObjDesc>
      <ObjLink>airline.aspx</ObjLink>
   </Object>
   <Object>
      <ObjCls>0</ObjCls>
      <ObjName>Suplier</ObjName>
      <ObjDesc>Suplier</ObjDesc>
      <ObjLink>suplier.aspx</ObjLink>
   </Object>
   <Object>
      <ObjCls>0</ObjCls>
      <ObjName>AttractionSinPattern</ObjName>
      <ObjDesc>Attraction Sin Pattern</ObjDesc>
      <ObjLink>attractionsinpattern.aspx</ObjLink>
   </Object>
   <Object>
      <ObjCls>13</ObjCls>
      <ObjName>WWCountry</ObjName>
      <ObjDesc>Countries</ObjDesc>
      <ObjLink>wwcountry.aspx</ObjLink>
   </Object>
   <Object>
      <ObjCls>13</ObjCls>
      <ObjName>WWAttraction</ObjName>
      <ObjDesc>Attractions</ObjDesc>
      <ObjLink>wwattraction.aspx</ObjLink>
   </Object>
   <Object>
      <ObjCls>13</ObjCls>
      <ObjName>EnterAttractionFilter</ObjName>
      <ObjDesc>Enter Attraction Filter</ObjDesc>
      <ObjLink>enterattractionfilter.aspx</ObjLink>
   </Object>
   <Object>
      <ObjCls>1</ObjCls>
      <ObjName>AttractionListCategoryNoVacios</ObjName>
      <ObjDesc>Attraction List Category No Vacios</ObjDesc>
      <ObjLink>aattractionlistcategorynovacios.aspx</ObjLink>
   </Object>
   <Object>
      <ObjCls>1</ObjCls>
      <ObjName>NumberofAttractionBycountry</ObjName>
      <ObjDesc>Numberof Attraction Bycountry</ObjDesc>
      <ObjLink>anumberofattractionbycountry.aspx</ObjLink>
   </Object>
   <Object>
      <ObjCls>1</ObjCls>
      <ObjName>NumberOfAttractionByCountrys</ObjName>
      <ObjDesc>Number Of Attraction By Countrys</ObjDesc>
      <ObjLink>anumberofattractionbycountrys.aspx</ObjLink>
   </Object>
   <Object>
      <ObjCls>1</ObjCls>
      <ObjName>CountryRanking</ObjName>
      <ObjDesc>Country Ranking</ObjDesc>
      <ObjLink>acountryranking.aspx</ObjLink>
   </Object>
</Objects>
